,Building,Class,Actual_Enrl,Day_M
138,AB,ART 227,8,2016-09-26 09:00:00
139,AB,ART 581,2,2016-09-26 13:00:00
144,AB,ART 118,25,2016-09-26 09:00:00
145,AB,ART 320,21,2016-09-26 14:00:00
146,AB,ART 118,22,2016-09-26 18:00:00
150,AB,ART 210,18,2016-09-26 09:00:00
151,AB,ART 200,23,2016-09-26 12:00:00
152,AB,ART 341,18,2016-09-26 18:00:00
155,AB,ART 472,15,2016-09-26 09:00:00
156,AB,ART 254,20,2016-09-26 14:00:00
160,AB,ART 399,7,2016-09-26 09:00:00
161,AB,ART 224,15,2016-09-26 14:00:00
162,AB,ART 224,19,2016-09-26 18:00:00
166,AB,ARH 361U,40,2016-09-26 13:00:00
167,AB,ARH 491,27,2016-09-26 15:00:00
168,AB,ARH 591,3,2016-09-26 15:00:00
169,AB,ARH 290,54,2016-09-26 18:00:00
175,AB,ART 312,16,2016-09-26 09:00:00
178,AB,ART 182,20,2016-09-26 09:00:00
183,AB,ART 203,10,2016-09-26 09:00:00
184,AB,ART 299,6,2016-09-26 14:00:00
185,AB,ART 399,10,2016-09-26 14:00:00
187,AB,ART 115,25,2016-09-26 09:00:00
188,AB,ART 115,25,2016-09-26 14:00:00
189,AB,ART 115,24,2016-09-26 18:40:00
193,AB,ART 131,20,2016-09-26 09:00:00
195,AB,ART 354,21,2016-09-26 09:00:00
196,AB,ART 333,16,2016-09-26 12:00:00
197,AB,ART 354,17,2016-09-26 18:00:00
205,ASRC,EC 201,205,2016-09-26 10:00:00
206,ASRC,ME 452,25,2016-09-26 12:00:00
207,ASRC,ME 552,8,2016-09-26 12:00:00
208,ASRC,ME 321,153,2016-09-26 14:00:00
209,ASRC,ME 420,24,2016-09-26 16:40:00
210,ASRC,ME 520,11,2016-09-26 16:40:00
211,ASRC,CS 469,55,2016-09-26 18:40:00
219,ASRC,EC 321U,36,2016-09-26 10:00:00
220,ASRC,EC 332U,32,2016-09-26 12:00:00
221,ASRC,MTH 251,38,2016-09-26 14:00:00
222,ASRC,PHE 466,39,2016-09-26 15:15:00
223,ASRC,PHE 566,2,2016-09-26 15:15:00
224,ASRC,ETM 520,27,2016-09-26 17:30:00
225,ASRC,ETM 620,1,2016-09-26 17:30:00
245,ASRC,CS 333,57,2016-09-26 08:15:00
246,ASRC,SW 539,23,2016-09-26 13:00:00
247,ASRC,PS 380U,17,2016-09-26 16:40:00
263,ASRC,EC 442,42,2016-09-26 10:00:00
264,ASRC,EC 542,2,2016-09-26 10:00:00
265,ASRC,BI 357,57,2016-09-26 12:45:00
266,ASRC,PHL 310U,95,2016-09-26 14:00:00
267,ASRC,ISQA 410,26,2016-09-26 17:30:00
268,ASRC,ISQA 510S,0,2016-09-26 17:30:00
278,ASRC,PE 128,24,2016-09-26 09:00:00
279,ASRC,PE 124,29,2016-09-26 10:15:00
280,ASRC,PE 125,27,2016-09-26 11:30:00
281,ASRC,PE 129,19,2016-09-26 12:45:00
282,ASRC,PE 104,42,2016-09-26 15:00:00
283,ASRC,PE 132,20,2016-09-26 17:00:00
302,ASRC,SW 540,30,2016-09-26 09:00:00
303,ASRC,SW 555,30,2016-09-26 13:00:00
304,ASRC,SW 511,11,2016-09-26 16:00:00
305,ASRC,SW 539,23,2016-09-26 17:30:00
322,ASRC,SW 525,17,2016-09-26 09:00:00
323,ASRC,SW 539,17,2016-09-26 13:00:00
324,ASRC,SW 511,14,2016-09-26 16:00:00
325,ASRC,SW 539,24,2016-09-26 17:30:00
341,ASRC,SW 530,30,2016-09-26 09:00:00
342,ASRC,SW 540,26,2016-09-26 13:00:00
343,ASRC,SW 511,15,2016-09-26 16:00:00
344,ASRC,SW 528,17,2016-09-26 17:30:00
363,ASRC,SW 530,25,2016-09-26 09:00:00
364,ASRC,SW 540,32,2016-09-26 13:00:00
365,ASRC,SW 511,15,2016-09-26 16:00:00
366,ASRC,SW 542,21,2016-09-26 17:30:00
377,BDWY,LING 152,21,2016-09-26 09:00:00
378,BDWY,LING 152,19,2016-09-26 10:15:00
379,BDWY,LING 124,18,2016-09-26 11:30:00
380,BDWY,LING 124,19,2016-09-26 12:45:00
381,BDWY,LING 134,17,2016-09-26 14:00:00
382,BDWY,SPHR 587,18,2016-09-26 17:30:00
391,BDWY,SPAN 101,25,2016-09-26 07:45:00
392,BDWY,SPAN 201,23,2016-09-26 09:00:00
393,BDWY,SPAN 203,17,2016-09-26 10:15:00
394,BDWY,INTL 407,19,2016-09-26 12:45:00
395,BDWY,INTL 407H,2,2016-09-26 12:45:00
396,BDWY,LING 144,17,2016-09-26 14:00:00
397,BDWY,SPAN 203,17,2016-09-26 16:40:00
406,BDWY,LING 142,20,2016-09-26 09:00:00
407,BDWY,LING 142,18,2016-09-26 10:15:00
408,BDWY,LING 134,16,2016-09-26 11:30:00
409,BDWY,LING 144,16,2016-09-26 12:45:00
410,BDWY,LING 124,19,2016-09-26 14:00:00
411,BDWY,LING 131,17,2016-09-26 15:15:00
423,BDWY,PHL 300U,30,2016-09-26 09:00:00
424,BDWY,PHE 295,44,2016-09-26 10:15:00
425,BDWY,COMM 336U,38,2016-09-26 12:00:00
426,BDWY,PHE 443U,39,2016-09-26 14:00:00
427,BDWY,COUN 551,51,2016-09-26 16:00:00
428,BDWY,COUN 569,50,2016-09-26 18:40:00
441,BDWY,RUS 101,13,2016-09-26 09:00:00
442,BDWY,LING 142,20,2016-09-26 10:15:00
443,BDWY,LAT 201,13,2016-09-26 11:30:00
444,BDWY,LING 134,16,2016-09-26 12:45:00
445,BDWY,TUR 201,6,2016-09-26 14:00:00
459,CH,G 410,4,2016-09-26 12:30:00
460,CH,G 510,9,2016-09-26 12:30:00
461,CH,CH 443,31,2016-09-26 16:40:00
462,CH,CH 543,1,2016-09-26 16:40:00
476,CH,UNST 144G,36,2016-09-26 08:00:00
477,CH,UNST 121E,35,2016-09-26 09:30:00
478,CH,UNST 101C,34,2016-09-26 11:00:00
479,CH,UNST 121C,36,2016-09-26 12:30:00
480,CH,UNST 101G,36,2016-09-26 14:00:00
481,CH,UNST 254E,34,2016-09-26 16:00:00
490,CH,UNST 131M,35,2016-09-26 09:30:00
491,CH,UNST 107I,37,2016-09-26 11:00:00
492,CH,UNST 107G,37,2016-09-26 12:30:00
493,CH,UNST 107C,36,2016-09-26 14:00:00
498,CH,JPN 101,24,2016-09-26 10:00:00
499,CH,SWED 201,7,2016-09-26 16:40:00
500,CH,UNST 101C,11,2016-09-26 08:00:00
501,CH,UNST 101C,11,2016-09-26 09:00:00
502,CH,UNST 101C,12,2016-09-26 10:00:00
503,CH,UNST 101G,12,2016-09-26 11:00:00
504,CH,UNST 101G,12,2016-09-26 12:00:00
505,CH,UNST 101G,12,2016-09-26 13:00:00
506,CH,UNST 147B,12,2016-09-26 14:00:00
507,CH,UNST 220A,12,2016-09-26 15:30:00
508,CH,UNST 220A,10,2016-09-26 16:30:00
509,CH,UNST 228K,12,2016-09-26 18:00:00
510,CH,UNST 228K,5,2016-09-26 19:00:00
528,CH,UNST 107I,12,2016-09-26 08:00:00
529,CH,UNST 107I,12,2016-09-26 09:00:00
530,CH,UNST 107I,13,2016-09-26 10:00:00
531,CH,UNST 147A,12,2016-09-26 12:00:00
532,CH,UNST 147A,10,2016-09-26 13:00:00
533,CH,UNST 147A,14,2016-09-26 14:00:00
534,CH,UNST 107C,14,2016-09-26 15:30:00
535,CH,UNST 107C,11,2016-09-26 16:30:00
536,CH,UNST 107C,11,2016-09-26 17:30:00
548,CH,UNST 124C,13,2016-09-26 08:00:00
549,CH,UNST 124C,10,2016-09-26 09:00:00
550,CH,UNST 124C,14,2016-09-26 10:00:00
551,CH,UNST 131M,11,2016-09-26 11:00:00
552,CH,UNST 131M,12,2016-09-26 12:00:00
553,CH,UNST 131M,12,2016-09-26 13:00:00
554,CH,UNST 107G,12,2016-09-26 14:00:00
555,CH,UNST 107G,14,2016-09-26 15:00:00
556,CH,UNST 107G,11,2016-09-26 16:00:00
577,CH,PSY 345,33,2016-09-26 08:15:00
578,CH,HST 314U,51,2016-09-26 10:15:00
579,CH,SPHR 461,49,2016-09-26 12:00:00
580,CH,PSY 461U,79,2016-09-26 14:00:00
581,CH,ARH 110,18,2016-09-26 16:00:00
582,CH,PE 281,54,2016-09-26 18:00:00
589,CH,UNST 232A,9,2016-09-26 08:30:00
590,CH,UNST 121E,12,2016-09-26 11:00:00
591,CH,UNST 121E,12,2016-09-26 12:00:00
592,CH,UNST 121E,11,2016-09-26 13:00:00
593,CH,UNST 121C,12,2016-09-26 14:00:00
594,CH,UNST 121C,12,2016-09-26 15:00:00
595,CH,UNST 121C,12,2016-09-26 16:00:00
607,CH,ACTG 381,42,2016-09-26 08:15:00
608,CH,ACTG 381,0,2016-09-26 08:15:00
609,CH,BA 301,43,2016-09-26 10:15:00
610,CH,FIN 449,28,2016-09-26 11:30:00
611,CH,HST 104,43,2016-09-26 12:45:00
612,CH,HST 375U,20,2016-09-26 14:00:00
620,CH,UNST 117C,9,2016-09-26 10:15:00
621,CH,UNST 117C,13,2016-09-26 11:30:00
622,CH,UNST 117C,12,2016-09-26 12:45:00
623,CH,UNST 254B,12,2016-09-26 15:30:00
624,CH,UNST 254B,11,2016-09-26 16:30:00
632,CH,UNST 131K,12,2016-09-26 08:00:00
633,CH,UNST 131K,12,2016-09-26 09:00:00
634,CH,UNST 131K,12,2016-09-26 10:00:00
635,CH,UNST 228E,12,2016-09-26 11:00:00
636,CH,UNST 131C,11,2016-09-26 13:00:00
637,CH,UNST 134C,12,2016-09-26 14:00:00
638,CH,UNST 147B,12,2016-09-26 15:00:00
639,CH,UNST 131C,10,2016-09-26 16:00:00
640,CH,UNST 131C,10,2016-09-26 17:00:00
652,CH,INTL 226D,2,2016-09-26 08:30:00
653,CH,UNST 233G,8,2016-09-26 08:30:00
654,CH,UNST 134A,12,2016-09-26 10:00:00
655,CH,UNST 134A,12,2016-09-26 11:00:00
656,CH,UNST 134A,12,2016-09-26 12:00:00
657,CH,UNST 147B,12,2016-09-26 13:00:00
658,CH,UNST 134C,12,2016-09-26 15:00:00
659,CH,UNST 134C,12,2016-09-26 16:00:00
682,CH,PSY 451,70,2016-09-26 09:00:00
683,CH,PSY 348,34,2016-09-26 10:15:00
684,CH,SOC 344U,18,2016-09-26 11:30:00
685,CH,SOC 200,98,2016-09-26 12:45:00
686,CH,PSY 200,99,2016-09-26 14:00:00
687,CH,ACTG 493,20,2016-09-26 17:40:00
688,CH,ACTG 593S,15,2016-09-26 17:40:00
695,CH,MGMT 428,25,2016-09-26 09:00:00
696,CH,PHL 316U,30,2016-09-26 10:15:00
697,CH,BA 385,41,2016-09-26 11:30:00
698,CH,MTH 261,38,2016-09-26 12:45:00
699,CH,SPHR 471,32,2016-09-26 14:00:00
700,CH,SPHR 571,1,2016-09-26 14:00:00
701,CH,MTH 095,39,2016-09-26 16:40:00
708,CH,UNST 236C,10,2016-09-26 08:00:00
709,CH,UNST 144G,12,2016-09-26 09:30:00
710,CH,UNST 144G,12,2016-09-26 10:30:00
711,CH,UNST 144G,12,2016-09-26 11:30:00
712,CH,UNST 141A,11,2016-09-26 14:00:00
713,CH,UNST 141A,12,2016-09-26 15:00:00
714,CH,UNST 141A,12,2016-09-26 16:00:00
715,CH,UNST 254G,12,2016-09-26 17:00:00
716,CH,UNST 234I,11,2016-09-26 18:00:00
717,CH,UNST 234I,10,2016-09-26 19:00:00
729,CH,INTL 226D,3,2016-09-26 11:00:00
730,CH,UNST 233G,6,2016-09-26 11:00:00
731,CH,UNST 144C,14,2016-09-26 12:00:00
732,CH,UNST 144C,11,2016-09-26 13:00:00
733,CH,UNST 144C,11,2016-09-26 14:00:00
734,CH,UNST 228C,12,2016-09-26 16:00:00
735,CH,UNST 228C,10,2016-09-26 17:00:00
753,CH,UNST 236C,12,2016-09-26 11:30:00
754,CH,UNST 220C,12,2016-09-26 13:00:00
755,CH,UNST 220C,13,2016-09-26 14:00:00
756,CH,UNST 254G,12,2016-09-26 16:00:00
757,CH,UNST 231C,10,2016-09-26 17:30:00
758,CH,UNST 231C,10,2016-09-26 18:30:00
777,CH,UNST 147B,36,2016-09-26 11:00:00
778,CH,UNST 141A,35,2016-09-26 12:30:00
779,CH,UNST 131C,31,2016-09-26 14:00:00
780,CH,UNST 234I,32,2016-09-26 16:00:00
787,CH,UNST 134A,36,2016-09-26 08:00:00
788,CH,UNST 232A,29,2016-09-26 09:30:00
789,CH,UNST 254W,34,2016-09-26 11:00:00
790,CH,UNST 134C,36,2016-09-26 12:30:00
791,CH,UNST 254G,36,2016-09-26 14:00:00
792,CH,UNST 242C,34,2016-09-26 15:30:00
806,CH,LING 111,17,2016-09-26 09:00:00
807,CH,GER 101,20,2016-09-26 11:30:00
808,CH,PS 447,14,2016-09-26 12:45:00
809,CH,WR 222,26,2016-09-26 14:00:00
810,CH,MTH 411,17,2016-09-26 17:15:00
811,CH,MTH 511,15,2016-09-26 17:15:00
812,CH,PA 511,28,2016-09-26 18:40:00
829,CH,INTL 226C,5,2016-09-26 09:30:00
830,CH,UNST 233G,24,2016-09-26 09:30:00
831,CH,UNST 220C,36,2016-09-26 11:00:00
832,CH,UNST 236E,35,2016-09-26 12:30:00
833,CH,UNST 220A,33,2016-09-26 14:00:00
834,CH,UNST 239C,33,2016-09-26 16:00:00
842,CH,UNST 254M,35,2016-09-26 09:30:00
843,CH,UNST 124C,36,2016-09-26 11:00:00
844,CH,UNST 239E,36,2016-09-26 12:30:00
845,CH,UNST 254B,35,2016-09-26 14:00:00
846,CH,UNST 231C,31,2016-09-26 16:00:00
854,CH,UNST 228E,36,2016-09-26 09:30:00
855,CH,UNST 131K,36,2016-09-26 11:00:00
856,CH,UNST 230A,36,2016-09-26 12:30:00
857,CH,UNST 228C,33,2016-09-26 14:00:00
858,CH,UNST 228K,29,2016-09-26 16:00:00
866,CH,UNST 107K,12,2016-09-26 10:15:00
867,CH,UNST 107K,12,2016-09-26 11:30:00
868,CH,UNST 107K,12,2016-09-26 12:45:00
869,CH,UNST 230A,13,2016-09-26 14:00:00
870,CH,UNST 230A,11,2016-09-26 15:00:00
871,CH,UNST 239C,11,2016-09-26 17:30:00
872,CH,UNST 239C,11,2016-09-26 18:30:00
890,CH,UNST 254W,10,2016-09-26 09:00:00
891,CH,UNST 254W,12,2016-09-26 10:00:00
892,CH,UNST 254M,12,2016-09-26 11:00:00
893,CH,UNST 236E,12,2016-09-26 14:00:00
894,CH,UNST 242C,11,2016-09-26 17:00:00
895,CH,UNST 242C,11,2016-09-26 18:00:00
912,CH,UNST 239E,12,2016-09-26 14:00:00
913,CH,UNST 239E,12,2016-09-26 15:00:00
914,CH,UNST 254E,13,2016-09-26 17:30:00
915,CH,UNST 254E,11,2016-09-26 18:30:00
924,CH,CCJ 260,32,2016-09-26 09:00:00
925,CH,CCJ 330U,71,2016-09-26 10:15:00
926,CH,FILM 370U,51,2016-09-26 12:00:00
927,CH,CCJ 200,67,2016-09-26 14:00:00
928,CH,MTH 252,32,2016-09-26 16:40:00
947,CH,SYSC 557,9,2016-09-26 18:40:00
957,CH,BA 301,44,2016-09-26 08:15:00
958,CH,MGMT 471,30,2016-09-26 10:15:00
959,CH,ACTG 381,17,2016-09-26 11:30:00
960,CH,ACTG 381,0,2016-09-26 11:30:00
961,CH,MKTG 512,42,2016-09-26 17:30:00
968,CH,SOC 590,12,2016-09-26 14:00:00
976,CH,SOC 314U,29,2016-09-26 09:00:00
977,CH,PHE 473,33,2016-09-26 10:15:00
978,CH,PHE 573,0,2016-09-26 10:15:00
979,CH,PSY 310U,47,2016-09-26 11:30:00
980,CH,WS 310U,11,2016-09-26 11:30:00
981,CH,INTL 201,56,2016-09-26 12:45:00
982,CH,ARH 351U,38,2016-09-26 14:00:00
983,CH,CCJ 340,51,2016-09-26 16:40:00
984,CH,FIN 218,56,2016-09-26 18:40:00
992,CH,PSY 204,99,2016-09-26 09:00:00
993,CH,PS 101,77,2016-09-26 10:15:00
994,CH,PSY 200,96,2016-09-26 11:30:00
995,CH,PHE 363,101,2016-09-26 12:45:00
996,CH,PSY 434,65,2016-09-26 14:00:00
997,CH,PHE 326U,75,2016-09-26 16:40:00
1017,CH,MTH 112,40,2016-09-26 09:00:00
1018,CH,MGMT 351,38,2016-09-26 10:15:00
1019,CH,BA 325,42,2016-09-26 11:30:00
1020,CH,PSY 521,1,2016-09-26 12:45:00
1021,CH,PSY 621,17,2016-09-26 12:45:00
1022,CH,ACTG 381,41,2016-09-26 14:00:00
1023,CH,ACTG 381,0,2016-09-26 14:00:00
1031,CH,G 318,30,2016-09-26 09:00:00
1033,CH,PSY 510,1,2016-09-26 08:45:00
1034,CH,PSY 610,7,2016-09-26 08:45:00
1044,CH,SW 523,9,2016-09-26 09:00:00
1045,CH,WR 115,15,2016-09-26 12:00:00
1046,CH,ENG 460,22,2016-09-26 14:00:00
1047,CH,UNST 421,15,2016-09-26 16:00:00
1048,CH,ASL 101,27,2016-09-26 18:40:00
1072,CH,MTH 344,27,2016-09-26 09:00:00
1073,CH,LING 111,16,2016-09-26 10:15:00
1074,CH,STAT 461,30,2016-09-26 12:45:00
1075,CH,BST 345U,30,2016-09-26 14:00:00
1096,CH,ACTG 335,21,2016-09-26 08:15:00
1097,CH,UNST 194,19,2016-09-26 10:15:00
1098,CH,UNST 394,7,2016-09-26 10:15:00
1099,CH,PH 382U,21,2016-09-26 12:00:00
1100,CH,SCI 382U,14,2016-09-26 12:00:00
1101,CH,FIN 352,44,2016-09-26 14:00:00
1102,CH,BA 302,36,2016-09-26 16:40:00
1103,CH,RE 521,24,2016-09-26 18:40:00
1128,CH,UNST 117C,34,2016-09-26 08:45:00
1129,CH,PHL 451,8,2016-09-26 10:15:00
1130,CH,PHL 551,1,2016-09-26 10:15:00
1131,CH,LING 407,7,2016-09-26 11:30:00
1132,CH,ANTH 412,9,2016-09-26 12:45:00
1133,CH,ANTH 412H,0,2016-09-26 12:45:00
1134,CH,ANTH 512,3,2016-09-26 12:45:00
1135,CH,HON 101,31,2016-09-26 14:00:00
1136,CH,PA 590,14,2016-09-26 16:00:00
1154,CH,LING 453,0,2016-09-26 10:15:00
1155,CH,LING 453,5,2016-09-26 11:30:00
1156,CH,LING 410,0,2016-09-26 14:00:00
1157,CH,LING 510,10,2016-09-26 14:00:00
1158,CH,PAP 630,3,2016-09-26 17:30:00
1159,CH,PS 530,10,2016-09-26 17:30:00
1167,CH,PSY 311U,95,2016-09-26 08:15:00
1168,CH,CH 440,57,2016-09-26 12:45:00
1169,CH,CH 540,1,2016-09-26 12:45:00
1170,CH,PSY 410,35,2016-09-26 14:00:00
1171,CH,ECE 341,59,2016-09-26 16:40:00
1184,CH,PSY 310U,31,2016-09-26 09:00:00
1185,CH,WS 310U,14,2016-09-26 09:00:00
1186,CH,ESM 220,58,2016-09-26 10:15:00
1187,CH,BI 330,51,2016-09-26 11:30:00
1188,CH,PSY 410,33,2016-09-26 12:45:00
1189,CH,WS 307,24,2016-09-26 14:00:00
1206,CH,ME 427,9,2016-09-26 08:15:00
1207,CH,ME 527,15,2016-09-26 08:15:00
1208,CH,FILM 370U,24,2016-09-26 11:30:00
1209,CH,PHL 355U,19,2016-09-26 12:45:00
1210,CH,PS 204,50,2016-09-26 14:00:00
1222,CH,LING 154,13,2016-09-26 10:15:00
1223,CH,LING 153,14,2016-09-26 11:30:00
1224,CH,LING 153,12,2016-09-26 12:45:00
1225,CH,GRK 332U,12,2016-09-26 14:00:00
1226,CH,AD HOC,0,2016-09-26 16:00:00
1236,CH,PHE 275,60,2016-09-26 09:00:00
1237,CH,BI 412,30,2016-09-26 10:15:00
1238,CH,BI 512,3,2016-09-26 10:15:00
1239,CH,COMM 316,70,2016-09-26 11:30:00
1240,CH,GEOG 333U,23,2016-09-26 12:45:00
1241,CH,PH 333U,14,2016-09-26 12:45:00
1242,CH,COMM 311,61,2016-09-26 14:00:00
1243,CH,CS 350,56,2016-09-26 16:40:00
1244,CH,COUN 441,14,2016-09-26 18:40:00
1245,CH,COUN 541,19,2016-09-26 18:40:00
1256,CH,GEOG 312U,22,2016-09-26 10:15:00
1257,CH,SCI 334U,28,2016-09-26 10:15:00
1258,CH,GEOG 322U,30,2016-09-26 11:30:00
1267,CH,GEOG 414,12,2016-09-26 10:10:00
1268,CH,GEOG 514,13,2016-09-26 10:10:00
1269,CH,GEOG 446,15,2016-09-26 14:00:00
1270,CH,GEOG 546,8,2016-09-26 14:00:00
1277,CH,HST 492,10,2016-09-26 17:30:00
1278,CH,HST 592,1,2016-09-26 17:30:00
1286,CH,BA 303,40,2016-09-26 09:00:00
1287,CH,UNST 144C,36,2016-09-26 10:15:00
1288,CH,EC 438,13,2016-09-26 12:00:00
1289,CH,EC 538,9,2016-09-26 12:00:00
1290,CH,BA 495,35,2016-09-26 14:00:00
1302,CH,MUS 320,19,2016-09-26 12:30:00
1303,CH,MUS 197,8,2016-09-26 14:00:00
1304,CH,MUS 397,17,2016-09-26 14:00:00
1305,CH,MUS 597,5,2016-09-26 14:00:00
1311,CH,GEOG 210L,19,2016-09-26 10:00:00
1317,CH,GEOG 496,21,2016-09-26 12:00:00
1318,CH,GEOG 596,1,2016-09-26 12:00:00
1319,CH,GEOG 380L,17,2016-09-26 14:00:00
1320,CH,GEOG 480,13,2016-09-26 17:00:00
1321,CH,GEOG 580,7,2016-09-26 17:00:00
1345,CH,LING 153,12,2016-09-26 11:30:00
1346,CH,WR 507,13,2016-09-26 14:00:00
1347,CH,WR 399,15,2016-09-26 17:30:00
1359,CH,HST 495,12,2016-09-26 08:15:00
1360,CH,HST 595,1,2016-09-26 08:15:00
1361,CH,HST 430,15,2016-09-26 10:15:00
1362,CH,HST 530,2,2016-09-26 10:15:00
1363,CH,HST 327U,24,2016-09-26 12:45:00
1364,CH,HST 500,9,2016-09-26 17:30:00
1376,CH,G 201,88,2016-09-26 09:00:00
1377,CH,WR 474,0,2016-09-26 12:00:00
1378,CH,WR 475,1,2016-09-26 12:00:00
1379,CH,WR 574,8,2016-09-26 12:00:00
1380,CH,WR 575,39,2016-09-26 12:00:00
1381,CH,AD HOC,0,2016-09-26 14:30:00
1398,CH,EAS 211,101,2016-09-26 08:15:00
1399,CH,SOC 339U,80,2016-09-26 11:30:00
1400,CH,USP 452,20,2016-09-26 14:00:00
1401,CH,ECE 171,85,2016-09-26 16:40:00
1407,CH,G 345U,45,2016-09-26 08:45:00
1408,CH,G 435,31,2016-09-26 12:45:00
1414,CH,G 204,9,2016-09-26 14:00:00
1421,CH,G 410,5,2016-09-26 11:30:00
1422,CH,G 510,5,2016-09-26 11:30:00
1427,CIN,BI 456,29,2016-09-26 08:15:00
1428,CIN,BI 556,2,2016-09-26 08:15:00
1429,CIN,CH 223,65,2016-09-26 10:15:00
1430,CIN,PHE 350,47,2016-09-26 14:00:00
1431,CIN,PS 317U,29,2016-09-26 17:30:00
1440,CIN,AD HOC,0,2016-09-26 18:40:00
1442,CIN,PHE 444U,47,2016-09-26 08:15:00
1443,CIN,USP 350U,69,2016-09-26 11:00:00
1444,CIN,PS 412,28,2016-09-26 14:00:00
1445,CIN,PS 512,0,2016-09-26 14:00:00
1446,CIN,ANTH 101,49,2016-09-26 16:40:00
1455,CLSB,CH 221,310,2016-09-26 08:45:00
1456,CLSB,BI 211,313,2016-09-26 10:00:00
1457,CLSB,CH 334,340,2016-09-26 11:15:00
1458,CLSB,BI 301,217,2016-09-26 12:30:00
1459,CLSB,CH 320,100,2016-09-26 13:45:00
1467,CLSB,BI 235,12,2016-09-26 11:00:00
1471,CLSB,BI 214,18,2016-09-26 10:45:00
1472,CLSB,BI 214,19,2016-09-26 14:30:00
1473,CLSB,BI 214,22,2016-09-26 17:30:00
1484,CLSB,BI 214,20,2016-09-26 14:30:00
1485,CLSB,BI 214,18,2016-09-26 17:30:00
1509,CLSB,CH 227,24,2016-09-26 10:45:00
1510,CLSB,CH 227,22,2016-09-26 14:30:00
1517,CLSB,CH 227,22,2016-09-26 10:45:00
1518,CLSB,CH 227,24,2016-09-26 14:30:00
1535,CLSB,CH 227,21,2016-09-26 14:30:00
1566,CLSB,CH 227,24,2016-09-26 10:45:00
1567,CLSB,CH 227,20,2016-09-26 14:30:00
1580,EB,CE 361,52,2016-09-26 08:00:00
1581,EB,ME 313,72,2016-09-26 10:15:00
1582,EB,ECE 321,114,2016-09-26 14:00:00
1583,EB,ECE 331,79,2016-09-26 16:40:00
1584,EB,ECE 425,2,2016-09-26 18:40:00
1585,EB,ECE 525,54,2016-09-26 18:40:00
1600,EB,CH 436,26,2016-09-26 09:00:00
1601,EB,CH 536,7,2016-09-26 09:00:00
1602,EB,ESM 222,50,2016-09-26 10:15:00
1603,EB,ME 437,23,2016-09-26 14:00:00
1604,EB,ME 537,7,2016-09-26 14:00:00
1605,EB,MTH 112,40,2016-09-26 16:40:00
1606,EB,CE 434,47,2016-09-26 18:40:00
1617,EB,CE 361L,15,2016-09-26 10:00:00
1618,EB,CE 361L,6,2016-09-26 14:00:00
1626,EB,CE 443,20,2016-09-26 12:00:00
1627,EB,CE 543,4,2016-09-26 12:00:00
1628,EB,CE 417,17,2016-09-26 14:00:00
1629,EB,CE 517,13,2016-09-26 14:00:00
1630,EB,CE 481,22,2016-09-26 16:00:00
1631,EB,CE 581,9,2016-09-26 16:00:00
1640,EB,CE 463,2,2016-09-26 10:00:00
1641,EB,CE 563,4,2016-09-26 10:00:00
1642,EB,ME 350,39,2016-09-26 16:40:00
1654,EB,ME 410,16,2016-09-26 16:40:00
1655,EB,ME 510,5,2016-09-26 16:40:00
1656,EB,ME 120,34,2016-09-26 10:15:00
1657,EB,ME 120,34,2016-09-26 14:00:00
1663,EB,ME 422,19,2016-09-26 14:00:00
1664,EB,ME 522,4,2016-09-26 14:00:00
1666,EB,ME 213L,7,2016-09-26 09:00:00
1667,EB,ME 213L,14,2016-09-26 14:00:00
1673,EB,ME 530,6,2016-09-26 16:40:00
1674,EB,ME 630,1,2016-09-26 16:40:00
1689,EB,CE 341,37,2016-09-26 08:00:00
1690,EB,FIN 218,41,2016-09-26 11:30:00
1691,EB,CS 201,56,2016-09-26 14:00:00
1692,EB,CE 324,47,2016-09-26 16:40:00
1703,EB,CE 345,0,2016-09-26 08:00:00
1711,EB,MTH 253,30,2016-09-26 09:00:00
1712,EB,PS 318U,42,2016-09-26 12:45:00
1713,EB,CE 474,22,2016-09-26 14:00:00
1714,EB,CE 574,11,2016-09-26 14:00:00
1715,EB,ISQA 439,38,2016-09-26 17:30:00
1716,EB,ISQA 539S,2,2016-09-26 17:30:00
1726,EB,AD HOC,0,2016-09-26 13:00:00
1727,EB,LING 111,18,2016-09-26 09:00:00
1728,EB,LING 104,12,2016-09-26 14:00:00
1742,FAB,ANTH 399,14,2016-09-26 09:00:00
1743,FAB,CE 111,47,2016-09-26 10:15:00
1744,FAB,PHE 365,20,2016-09-26 11:30:00
1745,FAB,PHL 301U,40,2016-09-26 12:45:00
1746,FAB,COUN 504,10,2016-09-26 14:30:00
1747,FAB,ECE 420,24,2016-09-26 16:40:00
1748,FAB,ECE 520,13,2016-09-26 16:40:00
1764,FAB,ECE 478,13,2016-09-26 12:00:00
1765,FAB,ECE 578,16,2016-09-26 12:00:00
1766,FAB,EE 510,6,2016-09-26 16:40:00
1767,FAB,CS 162,30,2016-09-26 18:40:00
1779,FAB,CHN 101,16,2016-09-26 10:00:00
1780,FAB,BST 467U,45,2016-09-26 14:00:00
1781,FAB,ED 509,20,2016-09-26 16:30:00
1793,FAB,MTH 095,41,2016-09-26 08:15:00
1794,FAB,FR 101,27,2016-09-26 10:15:00
1795,FAB,FR 101,26,2016-09-26 11:30:00
1796,FAB,MTH 105,29,2016-09-26 12:45:00
1797,FAB,LING 144,17,2016-09-26 14:00:00
1798,FAB,COUN 593,11,2016-09-26 16:00:00
1811,FAB,COUN 509,6,2016-09-26 09:00:00
1812,FAB,COUN 509,5,2016-09-26 09:00:00
1835,FAB,ED 540,19,2016-09-26 09:30:00
1836,FAB,COUN 587,24,2016-09-26 16:00:00
1870,FAB,ED 585,18,2016-09-26 08:30:00
1871,FAB,SPED 522,21,2016-09-26 12:00:00
1872,FAB,SPED 510,25,2016-09-26 16:00:00
1873,FAB,SPED 509,25,2016-09-26 18:40:00
1906,FAB,LIB 428,21,2016-09-26 12:00:00
1907,FAB,LIB 528,3,2016-09-26 12:00:00
1908,FAB,SPED 597,11,2016-09-26 16:00:00
1909,FAB,SPED 506,11,2016-09-26 18:40:00
1921,FAB,ARCH 360,41,2016-09-26 08:15:00
1922,FAB,BA 495,33,2016-09-26 10:30:00
1923,FAB,HST 343U,20,2016-09-26 14:00:00
1924,FAB,WS 343U,7,2016-09-26 14:00:00
1925,FAB,PAP 511,19,2016-09-26 16:00:00
1943,FAB,PS 371,19,2016-09-26 09:00:00
1944,FAB,PS 421,39,2016-09-26 10:15:00
1945,FAB,PS 521,4,2016-09-26 10:15:00
1946,FAB,PS 373,20,2016-09-26 11:30:00
1947,FAB,FIN 465,38,2016-09-26 12:45:00
1948,FAB,LING 232,25,2016-09-26 14:00:00
1949,FAB,ECE 421,13,2016-09-26 16:40:00
1950,FAB,ECE 521,22,2016-09-26 16:40:00
1951,FAB,ECE 451,4,2016-09-26 18:40:00
1952,FAB,ECE 551,14,2016-09-26 18:40:00
1963,FAB,LING 418,11,2016-09-26 08:15:00
1964,FAB,LING 518,2,2016-09-26 08:15:00
1965,FAB,CS 399,14,2016-09-26 10:15:00
1966,FAB,CS 399,14,2016-09-26 11:30:00
1967,FAB,CS 399,14,2016-09-26 12:45:00
1968,FAB,ESM 416,15,2016-09-26 14:00:00
1969,FAB,ESM 516,13,2016-09-26 14:00:00
1970,FAB,ETM 561,5,2016-09-26 17:30:00
1971,FAB,ETM 661,0,2016-09-26 17:30:00
1989,FAB,LING 144,18,2016-09-26 12:45:00
1990,FAB,LING 144,16,2016-09-26 14:00:00
1995,FAB,ECE 221L,16,2016-09-26 13:00:00
1996,FAB,ECE 321L,28,2016-09-26 18:40:00
2008,FAB,ECE 331L,18,2016-09-26 09:00:00
2022,FAB,CS 410,13,2016-09-26 11:30:00
2023,FAB,CS 510,17,2016-09-26 11:30:00
2032,FAB,CS 162L,7,2016-09-26 10:00:00
2033,FAB,CS 163L,20,2016-09-26 12:00:00
2040,HOFF,EC 314U,138,2016-09-26 08:15:00
2041,HOFF,BI 341,126,2016-09-26 10:15:00
2042,HOFF,CS 447P,21,2016-09-26 14:00:00
2043,HOFF,CS 547,7,2016-09-26 14:00:00
2044,HOFF,PH 211,163,2016-09-26 16:40:00
2045,HOFF,BI 211,193,2016-09-26 18:40:00
2051,KMC,AD HOC,0,2016-09-26 07:00:00
2052,LH,TA 102,23,2016-09-26 12:00:00
2056,LH,TA 111,31,2016-09-26 12:45:00
2057,LH,TA 322U,40,2016-09-26 14:00:00
2062,LH,MUS 191,17,2016-09-26 09:00:00
2063,LH,MUS 191,14,2016-09-26 10:15:00
2064,LH,MUS 291,24,2016-09-26 11:30:00
2065,LH,MUS 291,11,2016-09-26 12:45:00
2069,LH,MUS 421,10,2016-09-26 11:15:00
2084,LH,MUS 211,28,2016-09-26 10:15:00
2085,LH,MUS 424,7,2016-09-26 11:30:00
2086,LH,MUS 524,3,2016-09-26 11:30:00
2087,LH,MUS 240,11,2016-09-26 12:30:00
2094,LH,MUS 211,24,2016-09-26 10:15:00
2095,LH,MUS 111,17,2016-09-26 11:30:00
2096,LH,MUS 512,9,2016-09-26 12:30:00
2097,LH,MUS 511,17,2016-09-26 16:30:00
2100,LH,MUS 311,25,2016-09-26 10:15:00
2101,LH,MUS 111,16,2016-09-26 11:30:00
2102,LH,MUS 481,3,2016-09-26 14:00:00
2103,LH,MUS 581,3,2016-09-26 14:00:00
2111,LH,JPN 201,10,2016-09-26 09:00:00
2112,LH,HON 403,27,2016-09-26 10:00:00
2113,LH,PORT 101,11,2016-09-26 12:45:00
2114,LH,MTH 111,36,2016-09-26 14:00:00
2129,LH,ENG 300,12,2016-09-26 09:00:00
2130,LH,LING 435,15,2016-09-26 11:30:00
2131,LH,LING 535,0,2016-09-26 11:30:00
2132,LH,PSY 321,28,2016-09-26 12:45:00
2133,LH,UPA 335,13,2016-09-26 14:00:00
2134,LH,USP 301,28,2016-09-26 16:00:00
2141,LH,PE 105,28,2016-09-26 08:00:00
2142,LH,PE 105,29,2016-09-26 09:00:00
2143,LH,D 196,12,2016-09-26 10:00:00
2144,LH,D 396,7,2016-09-26 10:00:00
2145,LH,TA 144,16,2016-09-26 14:00:00
2146,LH,PE 136,16,2016-09-26 19:00:00
2156,LH,CS 105,10,2016-09-26 08:15:00
2157,LH,BST 203,26,2016-09-26 10:15:00
2158,LH,COMM 410,24,2016-09-26 14:00:00
2159,LH,COMM 510,4,2016-09-26 14:00:00
2160,LH,CFS 312U,42,2016-09-26 16:40:00
2169,LH,MUED 333,13,2016-09-26 11:15:00
2170,LH,MUS 196,4,2016-09-26 16:00:00
2171,LH,MUS 396,3,2016-09-26 16:00:00
2172,LH,MUS 596,2,2016-09-26 16:00:00
2180,LH,TA 121,19,2016-09-26 10:00:00
2183,LH,MUS 111,19,2016-09-26 11:30:00
2184,LH,MUS 101,17,2016-09-26 12:45:00
2187,LH,MUS 187,6,2016-09-26 09:00:00
2189,LH,MUS 474,13,2016-09-26 10:15:00
2190,LH,MUS 574,1,2016-09-26 10:15:00
2193,LH,TA 347,5,2016-09-26 19:00:00
2196,LH,FILM 131,49,2016-09-26 12:00:00
2197,LH,FILM 370U,23,2016-09-26 14:00:00
2198,LH,FILM 381,30,2016-09-26 16:00:00
2199,LH,FILM 382,20,2016-09-26 18:00:00
2208,LH,MUED 484,17,2016-09-26 08:00:00
2209,LH,MUED 584,2,2016-09-26 08:00:00
2210,LH,MUS 481,12,2016-09-26 10:00:00
2211,LH,MUS 581,9,2016-09-26 10:00:00
2212,LH,MUS 204,12,2016-09-26 12:45:00
2228,LH,SOC 397,57,2016-09-26 08:15:00
2229,LH,HST 362U,20,2016-09-26 10:15:00
2230,LH,INTL 362U,30,2016-09-26 10:15:00
2231,LH,HST 201,48,2016-09-26 11:30:00
2232,LH,BA 101,62,2016-09-26 14:00:00
2233,LH,BA 303,41,2016-09-26 17:40:00
2243,LH,MUS 194,6,2016-09-26 13:00:00
2244,LH,MUS 394,5,2016-09-26 13:00:00
2245,LH,MUS 594,1,2016-09-26 13:00:00
2248,LH,PE 161,11,2016-09-26 17:00:00
2249,LH,PE 164,10,2016-09-26 18:00:00
2257,LH,MUED 335,18,2016-09-26 09:00:00
2258,LH,MUS 198,13,2016-09-26 14:00:00
2259,LH,MUS 398,6,2016-09-26 14:00:00
2260,LH,MUS 598,1,2016-09-26 14:00:00
2261,LH,MUS 195,22,2016-09-26 15:15:00
2262,LH,MUS 395,2,2016-09-26 15:15:00
2263,LH,MUS 595,2,2016-09-26 15:15:00
2264,LH,MUS 194,1,2016-09-26 17:15:00
2265,LH,MUS 394,1,2016-09-26 17:15:00
2266,LH,MUS 594,1,2016-09-26 17:15:00
2279,LH,MUS 198,8,2016-09-26 15:00:00
2280,LH,MUS 398,2,2016-09-26 15:00:00
2281,LH,MUS 598,0,2016-09-26 15:00:00
2282,LH,MUS 198,9,2016-09-26 16:00:00
2283,LH,MUS 398,7,2016-09-26 16:00:00
2284,LH,MUS 598,0,2016-09-26 16:00:00
2300,NH,LING 131,19,2016-09-26 09:00:00
2301,NH,PHL 314U,26,2016-09-26 14:00:00
2302,NH,PSY 410,48,2016-09-26 16:40:00
2303,NH,PHL 313U,42,2016-09-26 18:40:00
2319,NH,AD HOC,0,2016-09-26 14:00:00
2322,NH,LING 142,0,2016-09-26 10:15:00
2323,NH,FILM 374,19,2016-09-26 18:00:00
2352,NH,BA 302,42,2016-09-26 08:00:00
2353,NH,ENG 306U,35,2016-09-26 12:45:00
2354,NH,INTL 390,32,2016-09-26 14:00:00
2355,NH,HSMP 686,1,2016-09-26 16:00:00
2356,NH,PAH 586,4,2016-09-26 16:00:00
2357,NH,PAH 686,0,2016-09-26 16:00:00
2358,NH,SOPH 03,0,2016-09-26 16:00:00
2359,NH,SOPH 03,0,2016-09-26 16:00:00
2376,NH,IT 201,23,2016-09-26 10:15:00
2377,NH,CCJ 435,13,2016-09-26 11:30:00
2378,NH,IT 101,26,2016-09-26 12:45:00
2379,NH,BA 325,50,2016-09-26 17:30:00
2387,NH,AD HOC,0,2016-09-26 13:00:00
2391,NH,MIM 505,0,2016-09-26 07:45:00
2392,NH,MIM 505,12,2016-09-26 09:00:00
2393,NH,WR 463,1,2016-09-26 16:40:00
2394,NH,WR 563,12,2016-09-26 16:40:00
2395,NH,ENG 500,10,2016-09-26 18:40:00
2420,NH,MGMT 514,35,2016-09-26 12:15:00
2423,NH,ASL 101,28,2016-09-26 08:00:00
2424,NH,WR 213,18,2016-09-26 10:00:00
2425,NH,MGMT 471,46,2016-09-26 17:40:00
2433,NH,ACTG 512,28,2016-09-26 12:15:00
2441,NH,LING 121,13,2016-09-26 09:00:00
2442,NH,PHL 331U,16,2016-09-26 11:30:00
2443,NH,KOR 201,19,2016-09-26 13:00:00
2444,NH,PHL 201,42,2016-09-26 14:00:00
2445,NH,PSY 204,60,2016-09-26 17:30:00
2466,NH,PH 059,6,2016-09-26 12:00:00
2467,NH,ELP 528,13,2016-09-26 16:00:00
2486,NH,ASL 201,23,2016-09-26 08:00:00
2487,NH,PHE 370,14,2016-09-26 10:15:00
2488,NH,ENG 372U,18,2016-09-26 11:30:00
2489,NH,WS 372U,6,2016-09-26 11:30:00
2490,NH,PHE 340,12,2016-09-26 12:45:00
2491,NH,ENG 343U,30,2016-09-26 14:00:00
2492,NH,SW 555,32,2016-09-26 17:30:00
2508,NH,ART 119,25,2016-09-26 09:00:00
2509,NH,ART 120,25,2016-09-26 12:00:00
2510,NH,ART 345,19,2016-09-26 15:00:00
2511,NH,ART 119,24,2016-09-26 18:00:00
2516,NH,ART 299,2,2016-09-26 09:00:00
2517,NH,ART 399,11,2016-09-26 09:00:00
2518,NH,ART 117,20,2016-09-26 14:00:00
2519,NH,ART 117,21,2016-09-26 18:40:00
2525,NH,AD HOC,0,2016-09-26 16:00:00
2528,NH,WR 460,2,2016-09-26 10:00:00
2529,NH,WR 560,13,2016-09-26 10:00:00
2530,NH,SPHR 509,3,2016-09-26 14:00:00
2537,NH,ART 270,12,2016-09-26 14:00:00
2538,NH,ART 271,8,2016-09-26 18:40:00
2541,NH,ART 230,15,2016-09-26 09:00:00
2542,NH,ART 230,21,2016-09-26 14:00:00
2546,NH,ART 131,25,2016-09-26 09:00:00
2547,NH,ART 131,24,2016-09-26 14:00:00
2548,NH,ART 131,20,2016-09-26 18:40:00
2551,NH,ART 462,4,2016-09-26 09:00:00
2552,NH,ART 562,0,2016-09-26 09:00:00
2556,NH,ART 281,16,2016-09-26 09:00:00
2557,NH,ART 410,9,2016-09-26 14:00:00
2558,NH,ART 510,2,2016-09-26 14:00:00
2564,NH,MTH 211,32,2016-09-26 09:00:00
2565,NH,SPAN 341,10,2016-09-26 10:15:00
2566,NH,MTH 346,25,2016-09-26 12:45:00
2567,NH,LING 432,11,2016-09-26 14:00:00
2568,NH,LING 532,5,2016-09-26 14:00:00
2569,NH,MTH 211,27,2016-09-26 16:40:00
2587,NH,COMM 200,45,2016-09-26 08:00:00
2588,NH,SPHR 370,39,2016-09-26 10:00:00
2589,NH,SPHR 410,23,2016-09-26 12:00:00
2590,NH,SPHR 510,0,2016-09-26 12:00:00
2591,NH,PSY 410,55,2016-09-26 16:40:00
2592,NH,ENG 204,21,2016-09-26 18:40:00
2600,NH,MTH 667,9,2016-09-26 11:30:00
2601,NH,MTH 617,10,2016-09-26 12:45:00
2602,NH,MTH 634,12,2016-09-26 17:15:00
2614,NH,AD HOC,0,2016-09-26 18:00:00
2619,NH,LING 101,13,2016-09-26 09:00:00
2620,NH,ANTH 305,44,2016-09-26 11:30:00
2635,NH,RUS 150,7,2016-09-26 07:45:00
2636,NH,SPAN 303,15,2016-09-26 09:00:00
2637,NH,RUS 325,14,2016-09-26 10:15:00
2638,NH,GER 414,11,2016-09-26 11:30:00
2639,NH,GER 514,3,2016-09-26 11:30:00
2640,NH,HEB 301,5,2016-09-26 12:45:00
2641,NH,SYSC 413,2,2016-09-26 16:40:00
2642,NH,SYSC 513,10,2016-09-26 16:40:00
2655,NH,SPAN 301,15,2016-09-26 09:00:00
2656,NH,ENG 104,24,2016-09-26 10:15:00
2657,NH,RUS 411,22,2016-09-26 11:30:00
2658,NH,RUS 511,0,2016-09-26 11:30:00
2659,NH,GER 301,14,2016-09-26 12:45:00
2660,NH,SPAN 325,19,2016-09-26 16:40:00
2671,NH,STAT 451,29,2016-09-26 09:00:00
2672,NH,STAT 551,1,2016-09-26 09:00:00
2673,NH,MTH 256,37,2016-09-26 10:15:00
2674,NH,STAT 561,27,2016-09-26 11:30:00
2675,NH,MTH 254,35,2016-09-26 12:45:00
2676,NH,MTH 261,40,2016-09-26 14:00:00
2677,NH,MTH 253,39,2016-09-26 16:40:00
2678,NH,MTH 261,41,2016-09-26 18:40:00
2687,NH,WR 323,21,2016-09-26 08:15:00
2688,NH,SPAN 302,12,2016-09-26 10:15:00
2689,NH,AR 304,14,2016-09-26 11:30:00
2690,NH,RUS 421,10,2016-09-26 12:45:00
2691,NH,RUS 521,0,2016-09-26 12:45:00
2692,NH,FR 427,8,2016-09-26 14:00:00
2693,NH,FR 527,3,2016-09-26 14:00:00
2694,NH,SPAN 301,13,2016-09-26 16:40:00
2700,NH,STAT 241,40,2016-09-26 08:15:00
2701,NH,STAT 244,32,2016-09-26 10:15:00
2702,NH,SPAN 103,22,2016-09-26 11:30:00
2703,NH,MTH 251,38,2016-09-26 12:45:00
2704,NH,MTH 254,39,2016-09-26 14:00:00
2705,NH,MTH 251,37,2016-09-26 18:40:00
2714,NH,MTH 252,38,2016-09-26 09:00:00
2715,NH,UNST 421,20,2016-09-26 10:15:00
2716,NH,STAT 244,29,2016-09-26 12:45:00
2717,NH,MTH 252,48,2016-09-26 14:00:00
2718,NH,MGMT 428,21,2016-09-26 17:40:00
2730,NH,MIM 505,0,2016-09-26 07:45:00
2737,NH,AD HOC,0,2016-09-26 14:00:00
2738,NH,ANTH 416,7,2016-09-26 08:15:00
2739,NH,ANTH 416H,2,2016-09-26 08:15:00
2740,NH,ANTH 516,2,2016-09-26 08:15:00
2741,NH,MTH 424,16,2016-09-26 10:15:00
2742,NH,MTH 524,4,2016-09-26 10:15:00
2743,NH,MTH 311,27,2016-09-26 11:30:00
2744,NH,MTH 431,10,2016-09-26 12:45:00
2745,NH,MTH 531,7,2016-09-26 12:45:00
2746,NH,UNST 421,13,2016-09-26 14:00:00
2747,NH,MTH 344,23,2016-09-26 16:40:00
2748,NH,SPAN 344,28,2016-09-26 18:40:00
2761,NH,SPHR 584,22,2016-09-26 09:00:00
2762,NH,SPAN 301,11,2016-09-26 11:30:00
2763,NH,LING 144,0,2016-09-26 12:45:00
2764,NH,WR 333,23,2016-09-26 14:00:00
2765,NH,JPN 301,15,2016-09-26 16:40:00
2771,NH,WR 212,17,2016-09-26 08:15:00
2772,NH,FR 399,8,2016-09-26 10:15:00
2773,NH,IT 399,7,2016-09-26 11:30:00
2774,NH,GER 441U,12,2016-09-26 12:45:00
2775,NH,SYSC 350U,24,2016-09-26 14:00:00
2776,NH,LING 438,15,2016-09-26 16:40:00
2788,NH,MKTG 340U,44,2016-09-26 09:00:00
2789,NH,BA 303,44,2016-09-26 10:15:00
2790,NH,MKTG 443,30,2016-09-26 11:30:00
2791,NH,WS 370U,29,2016-09-26 12:45:00
2792,NH,ACTG 335,44,2016-09-26 14:00:00
2793,NH,SPED 418,24,2016-09-26 16:00:00
2794,NH,SPED 518,0,2016-09-26 16:00:00
2804,NH,MIM 505,8,2016-09-26 09:00:00
2805,NH,MIM 505,1,2016-09-26 10:15:00
2806,NH,LING 559,15,2016-09-26 11:30:00
2807,NH,SPAN 509,6,2016-09-26 12:45:00
2808,NH,COUN 504,11,2016-09-26 14:30:00
2809,NH,PA 560,10,2016-09-26 16:00:00
2817,NH,JPN 101,25,2016-09-26 08:00:00
2818,NH,MTH 456,13,2016-09-26 09:00:00
2819,NH,MTH 556,9,2016-09-26 09:00:00
2820,NH,ASL 101,30,2016-09-26 10:00:00
2821,NH,JPN 101,25,2016-09-26 12:00:00
2822,NH,JPN 201,28,2016-09-26 13:00:00
2823,NH,CHLA 301U,30,2016-09-26 14:00:00
2824,NH,WR 312,18,2016-09-26 17:30:00
2835,NH,AD HOC,0,2016-09-26 16:00:00
2836,NH,AR 201,13,2016-09-26 10:15:00
2837,NH,WR 121,17,2016-09-26 11:30:00
2838,NH,CR 301U,16,2016-09-26 14:00:00
2845,NH,SPAN 509,4,2016-09-26 12:45:00
2846,NH,ENG 399,13,2016-09-26 14:00:00
2854,NH,LING 143,17,2016-09-26 11:30:00
2855,NH,LING 143,13,2016-09-26 12:45:00
2856,NH,LING 143,14,2016-09-26 14:00:00
2861,NH,WR 410,3,2016-09-26 10:00:00
2862,NH,WR 510,7,2016-09-26 10:00:00
2863,NH,ART 261,18,2016-09-26 15:00:00
2866,NH,PSY 510,1,2016-09-26 11:30:00
2867,NH,PSY 610,7,2016-09-26 11:30:00
2868,NH,WR 410,0,2016-09-26 17:30:00
2869,NH,WR 510,8,2016-09-26 17:30:00
2874,NH,FR 101,22,2016-09-26 09:00:00
2875,NH,HEB 201,9,2016-09-26 10:15:00
2876,NH,SPAN 101,28,2016-09-26 11:30:00
2877,NH,SPAN 101,27,2016-09-26 14:00:00
2878,NH,SPAN 103,21,2016-09-26 16:40:00
2888,NH,SPHR 380,40,2016-09-26 08:00:00
2889,NH,SOC 310,31,2016-09-26 10:15:00
2890,NH,CCJ 355U,72,2016-09-26 11:30:00
2891,NH,ARH 205,61,2016-09-26 12:45:00
2892,NH,PSY 432,80,2016-09-26 14:00:00
2914,NH,LING 101,12,2016-09-26 09:00:00
2915,NH,RUS 301,8,2016-09-26 11:30:00
2916,NH,RUS 101,16,2016-09-26 12:45:00
2917,NH,WR 323,24,2016-09-26 14:00:00
2918,NH,WR 212,17,2016-09-26 18:40:00
2925,NH,RUS 111,12,2016-09-26 09:00:00
2926,NH,PH 624,20,2016-09-26 10:15:00
2927,NH,LING 154,21,2016-09-26 14:00:00
2928,NH,EC 592,6,2016-09-26 16:40:00
2937,NH,FILM 257,16,2016-09-26 10:00:00
2938,NH,FILM 360,15,2016-09-26 12:00:00
2939,NH,FILM 374,19,2016-09-26 14:00:00
2940,NH,FILM 258,14,2016-09-26 16:00:00
2941,NH,FILM 257,16,2016-09-26 18:00:00
2944,NH,PS 416,14,2016-09-26 09:00:00
2945,NH,PS 516,1,2016-09-26 09:00:00
2946,NH,ACTG 381,19,2016-09-26 10:15:00
2947,NH,ACTG 381,0,2016-09-26 10:15:00
2948,NH,MTH 251,39,2016-09-26 11:30:00
2949,NH,BA 211,49,2016-09-26 14:00:00
2950,NH,PHE 351U,22,2016-09-26 17:30:00
2967,NH,FIN 531,20,2016-09-26 17:30:00
2968,NH,COMM 220,74,2016-09-26 08:15:00
2969,NH,ENG 301U,35,2016-09-26 10:15:00
2970,NH,MIM 505,0,2016-09-26 11:30:00
2977,NH,FIN 516,16,2016-09-26 17:30:00
2982,NH,STAT 243,73,2016-09-26 08:15:00
2983,NH,MTH 482,7,2016-09-26 17:15:00
2984,NH,MTH 582,12,2016-09-26 17:15:00
2988,OND,LING 142,18,2016-09-26 09:00:00
2989,OND,AR 101,16,2016-09-26 10:15:00
2990,OND,INTL 360U,19,2016-09-26 11:30:00
2991,OND,BST 414U,19,2016-09-26 12:45:00
2992,OND,HEB 101,11,2016-09-26 14:00:00
2993,OND,USP 323U,20,2016-09-26 16:40:00
3001,OND,LING 101,13,2016-09-26 09:00:00
3002,OND,ESM 420,15,2016-09-26 12:00:00
3003,OND,ESM 520,6,2016-09-26 12:00:00
3004,OND,LING 104,12,2016-09-26 14:00:00
3005,OND,SPED 510,24,2016-09-26 16:00:00
3006,OND,SPED 509,24,2016-09-26 18:40:00
3054,OND,EC 312,19,2016-09-26 10:00:00
3055,OND,HON 202,30,2016-09-26 14:00:00
3072,OND,LING 143,15,2016-09-26 11:30:00
3073,OND,LING 143,11,2016-09-26 12:45:00
3074,OND,LING 114,14,2016-09-26 14:00:00
3075,OND,LING 399,17,2016-09-26 15:15:00
3076,OND,AD HOC,0,2016-09-26 18:00:00
3081,OND,COMM 220,74,2016-09-26 08:15:00
3082,OND,PSY 347,53,2016-09-26 10:15:00
3083,OND,PHE 450,58,2016-09-26 11:30:00
3084,OND,LING 390,45,2016-09-26 12:45:00
3085,OND,USP 533,35,2016-09-26 14:00:00
3086,OND,CR 423,12,2016-09-26 17:30:00
3087,OND,CR 523,7,2016-09-26 17:30:00
3096,OND,HON 201,28,2016-09-26 10:00:00
3097,OND,USP 588,25,2016-09-26 15:00:00
3098,OND,SW 539,16,2016-09-26 17:30:00
3108,PKM,WS 377U,13,2016-09-26 14:00:00
3110,PKM,BA 211,47,2016-09-26 08:15:00
3111,PKM,UNST 147A,36,2016-09-26 10:15:00
3112,PKM,PH 319,24,2016-09-26 11:30:00
3121,PKM,UNST 236C,33,2016-09-26 08:55:00
3122,PKM,CH 221H,35,2016-09-26 10:15:00
3123,PKM,FR 301,28,2016-09-26 11:30:00
3124,PKM,ENG 351U,26,2016-09-26 14:00:00
3125,PKM,ENG 320U,16,2016-09-26 17:30:00
3133,PKM,CHN 201,9,2016-09-26 09:00:00
3134,PKM,SPAN 102,27,2016-09-26 11:30:00
3135,PKM,UNST 421C,14,2016-09-26 12:45:00
3136,PKM,SPAN 201,24,2016-09-26 16:40:00
3137,PKM,SPAN 201,11,2016-09-26 18:40:00
3144,PKM,GRK 101,17,2016-09-26 10:15:00
3145,PKM,SPAN 101,27,2016-09-26 16:40:00
3146,PKM,SPAN 101,22,2016-09-26 18:40:00
3152,PKM,TUR 101,4,2016-09-26 10:15:00
3153,PKM,AD HOC,0,2016-09-26 11:30:00
3154,PKM,LING 559,0,2016-09-26 12:45:00
3155,PKM,PSY 510,0,2016-09-26 14:00:00
3156,PKM,PSY 610,6,2016-09-26 14:00:00
3157,PKM,IT 101,22,2016-09-26 18:40:00
3164,PKM,SPAN 201,26,2016-09-26 10:15:00
3165,PKM,SPAN 201,28,2016-09-26 11:30:00
3166,PKM,SW 630,7,2016-09-26 14:00:00
3167,PKM,GER 101,17,2016-09-26 18:40:00
3176,PKM,STAT 572,20,2016-09-26 09:00:00
3177,PKM,HON 403,18,2016-09-26 12:45:00
3178,PKM,LING 134,20,2016-09-26 14:00:00
3187,PNT,EC 202,32,2016-09-26 10:00:00
3188,PNT,COMM 314U,80,2016-09-26 12:00:00
3189,PNT,ACTG 492,38,2016-09-26 14:00:00
3190,PNT,ACTG 592S,1,2016-09-26 14:00:00
3191,PNT,HST 300,18,2016-09-26 16:40:00
3204,PNT,PA 313U,15,2016-09-26 10:00:00
3205,PNT,ED 420,23,2016-09-26 13:00:00
3206,PNT,ED 520,0,2016-09-26 13:00:00
3207,PNT,ENG 253,30,2016-09-26 16:40:00
3217,PNT,FR 201,17,2016-09-26 10:15:00
3218,PNT,FR 201,17,2016-09-26 11:30:00
3219,PNT,LAT 101,22,2016-09-26 12:45:00
3220,PNT,ASL 101,26,2016-09-26 14:00:00
3221,PNT,WLL 560,10,2016-09-26 16:40:00
3232,PNT,LING 560,13,2016-09-26 09:00:00
3233,PNT,LING 561,8,2016-09-26 10:15:00
3234,PNT,ESM 435,7,2016-09-26 11:30:00
3235,PNT,ESM 535,9,2016-09-26 11:30:00
3236,PNT,ENG 491,21,2016-09-26 14:00:00
3237,PNT,ENG 591,6,2016-09-26 14:00:00
3250,SB1,ARCH 230,97,2016-09-26 09:00:00
3251,SB1,CH 490,118,2016-09-26 11:30:00
3252,SB1,CH 590,1,2016-09-26 11:30:00
3253,SB1,CH 199,43,2016-09-26 12:45:00
3254,SB1,PH 507,7,2016-09-26 15:15:00
3255,SB1,PH 607,18,2016-09-26 15:15:00
3256,SB1,BA 495,29,2016-09-26 17:40:00
3268,SB1,CH 661,8,2016-09-26 17:15:00
3283,SB1,ESM 340,18,2016-09-26 14:00:00
3302,SEC,UNST 421,16,2016-09-26 10:15:00
3303,SEC,PHE 576,6,2016-09-26 16:00:00
3324,SEC,WR 323,6,2016-09-26 14:00:00
3337,SEH,UNST 421,18,2016-09-26 12:45:00
3343,SEH,LING 121,14,2016-09-26 10:15:00
3344,SEH,SPAN 510,7,2016-09-26 14:00:00
3345,SEH,FIN 473,1,2016-09-26 17:15:00
3346,SEH,FIN 573,2,2016-09-26 17:15:00
3353,SEH,WR 121,19,2016-09-26 08:15:00
3354,SEH,LING 131,20,2016-09-26 10:15:00
3362,SEH,HON 101,30,2016-09-26 09:00:00
3363,SEH,BA 522,32,2016-09-26 10:15:00
3364,SEH,HON 101,32,2016-09-26 11:30:00
3365,SEH,HON 101,0,2016-09-26 12:45:00
3366,SEH,WS 306U,32,2016-09-26 14:00:00
3367,SEH,WS 330U,33,2016-09-26 17:30:00
3377,SH,ART 200,18,2016-09-26 09:00:00
3378,SH,ARCH 225,17,2016-09-26 18:00:00
3387,SH,ARCH 120,16,2016-09-26 13:00:00
3388,SH,ARCH 120,16,2016-09-26 18:00:00
3399,SH,CH 104,83,2016-09-26 09:00:00
3400,SH,ME 320,60,2016-09-26 10:15:00
3401,SH,LING 399,15,2016-09-26 14:00:00
3402,SH,PHE 250,90,2016-09-26 17:30:00
3408,SH,ARCH 580,9,2016-09-26 13:00:00
3409,SH,ARCH 580,9,2016-09-26 13:00:00
3410,SH,ARCH 580,10,2016-09-26 13:00:00
3411,SH,ARCH 586,10,2016-09-26 13:00:00
3412,SH,ARCH 434,6,2016-09-26 10:00:00
3413,SH,ARCH 534,11,2016-09-26 10:00:00
3417,SH,ARCH 586,9,2016-09-26 13:00:00
3421,SH,ARCH 100,118,2016-09-26 10:15:00
3423,SH,ARCH 280,16,2016-09-26 13:00:00
3424,SH,ARCH 280,17,2016-09-26 13:00:00
3425,SH,ARCH 280,16,2016-09-26 13:00:00
3426,SH,ARCH 380,13,2016-09-26 13:00:00
3427,SH,ARCH 380,13,2016-09-26 13:00:00
3428,SH,ARCH 380,13,2016-09-26 13:00:00
3429,SH,ARCH 121,12,2016-09-26 13:00:00
3430,SH,ARCH 480,15,2016-09-26 13:00:00
3431,SH,ARCH 480,15,2016-09-26 13:00:00
3432,SH,ARCH 480,15,2016-09-26 13:00:00
3433,SH,ARCH 571,6,2016-09-26 13:00:00
3438,SRTC,PH 375U,13,2016-09-26 14:00:00
3439,SRTC,PH 471,5,2016-09-26 14:00:00
3440,SRTC,FIN 352,14,2016-09-26 16:40:00
3441,SRTC,PH 335U,43,2016-09-26 18:40:00
3453,SRTC,WR 214,11,2016-09-26 08:15:00
3454,SRTC,PH 321,3,2016-09-26 10:15:00
3455,SRTC,WR 121,19,2016-09-26 12:45:00
3456,SRTC,PH 378U,7,2016-09-26 14:00:00
3457,SRTC,SCI 355U,17,2016-09-26 14:00:00
3458,SRTC,WR 121,20,2016-09-26 16:40:00
3459,SRTC,PH 445,1,2016-09-26 18:40:00
3460,SRTC,PH 545,7,2016-09-26 18:40:00
3466,SRTC,WR 323,23,2016-09-26 10:15:00
3467,SRTC,ENG 300,25,2016-09-26 11:30:00
3468,SRTC,SPED 417,14,2016-09-26 14:00:00
3469,SRTC,ELP 525,15,2016-09-26 18:40:00
3473,SRTC,PH 507,2,2016-09-26 09:00:00
3474,SRTC,PH 507,0,2016-09-26 09:00:00
3475,SRTC,PH 607,0,2016-09-26 09:00:00
3476,SRTC,PH 607,0,2016-09-26 09:00:00
3477,SRTC,PH 214,17,2016-09-26 18:40:00
3492,SRTC,STAT 664,8,2016-09-26 10:15:00
3493,SRTC,LING 114,15,2016-09-26 11:30:00
3494,SRTC,CH 460,5,2016-09-26 16:40:00
3495,SRTC,CH 560,3,2016-09-26 16:40:00
3496,SRTC,CH 410,5,2016-09-26 18:40:00
3497,SRTC,CH 510,6,2016-09-26 18:40:00
3508,SRTC,UNST 421,15,2016-09-26 09:00:00
3509,SRTC,LING 114,13,2016-09-26 12:45:00
3510,SRTC,BI 410,6,2016-09-26 15:15:00
3511,SRTC,BI 510,1,2016-09-26 15:15:00
3518,SRTC,ESM 220L,20,2016-09-26 11:30:00
3526,SRTC,UNST 421,12,2016-09-26 09:00:00
3527,SRTC,STAT 243,39,2016-09-26 14:00:00
3528,SRTC,LING 399,17,2016-09-26 15:15:00
3529,SRTC,BA 385,31,2016-09-26 17:40:00
3538,SRTC,PH 214,14,2016-09-26 17:00:00
3565,SRTC,SPHR 530,23,2016-09-26 09:00:00
3566,SRTC,SPHR 584,22,2016-09-26 11:00:00
3567,SRTC,WR 323,23,2016-09-26 14:00:00
3578,SRTC,WR 460,4,2016-09-26 10:00:00
3579,SRTC,WR 560,11,2016-09-26 10:00:00
3580,SRTC,CHN 411,2,2016-09-26 12:00:00
3581,SRTC,CHN 511,0,2016-09-26 12:00:00
3582,SRTC,WR 412,18,2016-09-26 14:00:00
3583,SRTC,UNST 421,12,2016-09-26 16:40:00
3591,SRTC,SCI 311U,34,2016-09-26 11:30:00
3600,SRTC,BI 473,12,2016-09-26 08:15:00
3601,SRTC,BI 573,2,2016-09-26 08:15:00
3602,SRTC,BI 410,4,2016-09-26 16:00:00
3603,SRTC,BI 510,6,2016-09-26 16:00:00
3611,SRTC,UNST 107K,36,2016-09-26 08:45:00
3612,SRTC,CH 411,24,2016-09-26 10:15:00
3613,SRTC,CH 511,4,2016-09-26 10:15:00
3614,SRTC,CS 533,30,2016-09-26 11:30:00
3615,SRTC,PS 431,27,2016-09-26 14:00:00
3616,SRTC,PS 531,2,2016-09-26 14:00:00
3617,SRTC,BA 211,42,2016-09-26 17:40:00
3629,SRTC,BI 410,10,2016-09-26 18:00:00
3630,SRTC,BI 510,2,2016-09-26 18:00:00
3635,SRTC,CH 107,23,2016-09-26 10:15:00
3636,SRTC,CH 107,13,2016-09-26 13:00:00
3637,SRTC,CH 107,8,2016-09-26 15:00:00
3642,SRTC,CH 337,11,2016-09-26 13:00:00
3643,SRTC,CH 337,11,2016-09-26 17:40:00
3651,SRTC,CH 337,19,2016-09-26 13:00:00
3652,SRTC,CH 337,4,2016-09-26 17:40:00
3663,SRTC,ESM 330,11,2016-09-26 08:15:00
3664,SRTC,CE 566,1,2016-09-26 10:15:00
3665,SRTC,CE 666,1,2016-09-26 10:15:00
3666,SRTC,ESM 566,23,2016-09-26 10:15:00
3667,SRTC,SCI 201,11,2016-09-26 14:00:00
3668,SRTC,UNST 286A,29,2016-09-26 14:00:00
3674,UCB,LING 121,11,2016-09-26 10:15:00
3676,UCB,LING 131,17,2016-09-26 09:00:00
3677,UCB,LING 104,11,2016-09-26 14:00:00
3679,UCB,COMM 511,13,2016-09-26 16:00:00
3680,UCB,LING 454,6,2016-09-26 12:45:00
3682,URBN,AD HOC,0,2016-09-26 07:00:00
3683,URBN,KOR 101,23,2016-09-26 09:00:00
3684,URBN,ANTH 301,17,2016-09-26 10:00:00
3685,URBN,JPN 341U,28,2016-09-26 14:00:00
3686,URBN,SW 511,12,2016-09-26 16:00:00
3687,URBN,SW 301U,40,2016-09-26 17:30:00
3708,URBN,AD HOC,0,2016-09-26 07:00:00
3709,URBN,PHL 371H,1,2016-09-26 09:00:00
3710,URBN,PHL 371U,10,2016-09-26 09:00:00
3711,URBN,CHN 101,14,2016-09-26 12:00:00
3717,URBN,USP 325U,20,2016-09-26 13:00:00
3727,URBN,LING 390,61,2016-09-26 10:15:00
3728,URBN,PS 221,50,2016-09-26 11:30:00
3729,URBN,CCJ 370U,73,2016-09-26 12:45:00
3730,URBN,HST 385U,41,2016-09-26 14:00:00
3731,URBN,CCJ 240,24,2016-09-26 17:30:00
3746,URBN,USP 465,3,2016-09-26 09:00:00
3747,URBN,USP 565,18,2016-09-26 09:00:00
3748,URBN,USP 584,38,2016-09-26 17:30:00
3763,URBN,RUS 201,19,2016-09-26 10:15:00
3764,URBN,MTH 434,15,2016-09-26 11:30:00
3765,URBN,MTH 534,8,2016-09-26 11:30:00
3766,URBN,SW 521,14,2016-09-26 13:00:00
3767,URBN,USP 523,24,2016-09-26 16:40:00
3786,URBN,KOR 101,18,2016-09-26 09:00:00
3787,URBN,CHLA 390U,7,2016-09-26 10:00:00
3788,URBN,HON 407,19,2016-09-26 12:00:00
3789,URBN,ANTH 435,13,2016-09-26 14:00:00
3790,URBN,ANTH 435H,0,2016-09-26 14:00:00
3791,URBN,ANTH 535,0,2016-09-26 14:00:00
3792,URBN,SW 511,13,2016-09-26 16:00:00
3793,URBN,WS 451,10,2016-09-26 17:30:00
3794,URBN,WS 551,7,2016-09-26 17:30:00
3801,URBN,GEOG 607,1,2016-09-26 15:30:00
3802,URBN,USP 607,1,2016-09-26 15:30:00
3805,URBN,GEOG 607,1,2016-09-26 16:30:00
3806,URBN,USP 607,1,2016-09-26 16:30:00
3819,URBN,PAP 620,6,2016-09-26 16:00:00
3820,URBN,PS 520,0,2016-09-26 16:00:00
3828,UTS,MS 131,23,2016-09-26 06:30:00
3829,UTS,MTH 261,43,2016-09-26 09:00:00
3830,UTS,UNST 421,15,2016-09-26 10:15:00
3831,UTS,ACTG 422,34,2016-09-26 17:40:00
3832,UTS,ACTG 522S,0,2016-09-26 17:40:00
3846,UTS,EC 435,26,2016-09-26 16:40:00
3847,UTS,EC 535,3,2016-09-26 16:40:00
3858,UTS,BA 101,59,2016-09-26 08:00:00
3859,UTS,EC 340,13,2016-09-26 10:00:00
3860,UTS,BA 205,47,2016-09-26 17:40:00
3872,UTS,SPAN 101,27,2016-09-26 10:15:00
3873,UTS,ASL 201,26,2016-09-26 14:00:00
3874,UTS,GER 201,14,2016-09-26 18:40:00
3885,UTS,SOC 250,30,2016-09-26 14:00:00
3886,UTS,MTH 070,31,2016-09-26 16:40:00
3895,UTS,LING 131,17,2016-09-26 10:15:00
3896,UTS,CS 451,8,2016-09-26 14:00:00
3897,UTS,CS 551,17,2016-09-26 14:00:00
3898,UTS,ED 420,29,2016-09-26 16:00:00
3899,UTS,ED 520,3,2016-09-26 16:00:00
3907,UTS,ASL 101,28,2016-09-26 10:15:00
3908,UTS,USP 419,8,2016-09-26 12:00:00
3909,UTS,USP 519,5,2016-09-26 12:00:00
3910,UTS,ART 497,6,2016-09-26 14:00:00
3911,UTS,ART 597,6,2016-09-26 14:00:00
3919,UTS,BA 205,40,2016-09-26 08:00:00
3920,UTS,COMM 437,22,2016-09-26 10:00:00
3921,UTS,COMM 537,6,2016-09-26 10:00:00
3922,UTS,HON 407,5,2016-09-26 10:00:00
3923,UTS,CFS 481U,40,2016-09-26 14:15:00
3924,UTS,ACTG 360,41,2016-09-26 17:40:00
3934,UTS,ARCH 367U,18,2016-09-26 09:00:00
3935,UTS,CR 512,12,2016-09-26 17:30:00
3952,UTS,BST 202,24,2016-09-26 10:00:00
3953,UTS,SPED 509,18,2016-09-26 13:00:00
3954,UTS,ED 586,18,2016-09-26 15:30:00
3955,UTS,MGMT 351,21,2016-09-26 17:40:00
3968,UTS,PHE 448,24,2016-09-26 08:15:00
3969,UTS,STAT 243,40,2016-09-26 10:15:00
3970,UTS,ANTH 325U,36,2016-09-26 11:30:00
3971,UTS,ITP 511,20,2016-09-26 13:30:00
3972,UTS,BA 339L,31,2016-09-26 17:30:00
3980,UTS,ETM 347U,30,2016-09-26 08:15:00
3981,UTS,CFS 491,31,2016-09-26 10:15:00
3982,UTS,LING 477,12,2016-09-26 14:00:00
3983,UTS,LING 577,4,2016-09-26 14:00:00
3984,UTS,FR 101,18,2016-09-26 18:40:00
